{
  "project_info": {
    "project_number": "167340828509",
    "project_id": "skybooker-a6ea0",
    "storage_bucket": "skybooker-a6ea0.firebasestorage.app"
  },
  "client": [
    {
      "client_info": {
        "mobilesdk_app_id": "1:167340828509:android:1ed4aea2cf0814b055eab4",
        "android_client_info": {
          "package_name": "com.example.flightbookingapp2"
        }
      },
      "oauth_client": [],
      "api_key": [
        {
          "current_key": "AIzaSyDj1V8YXjT7nzYtX82l7JMnCddHSWB1nUo"
        }
      ],
      "services": {
        "appinvite_service": {
          "other_platform_oauth_client": []
        }
      }
    }
  ],
  "configuration_version": "1"
}